CREATE DATABASE Campionato25_26;
Use Campionato25_26;

create table Squadre
(
 Nome varchar(20) primary key,
 Citta varchar(30),
 Sponsor varchar(55),
 ColoriSociali varchar(100),
 Allenatore varchar(50)
);

/*Istruzioni per la creazione della tabella GIOCATORE, con il relativo vincolo alla tabella SQUADRA*/

create table Giocatori
(
 IdGiocatore int auto_increment primary key,
 Squadra varchar(20) references Squadre(Nome),
 Numero int,
 Nome varchar(30),
 Cognome varchar(30),
 DataNascita date,
 Ruolo varchar(20) 
);

/*Istruzioni per la creazione della tabella PARTITA con i relativi vincoli alla tabella SQUADRA	*/

create table Partite
(
 IdPartita int auto_increment primary key,
 Giornata int,
 SqCasa varchar(20) references Squadre(Nome),
 SqTrasf varchar(20) references Squadre(Nome),
 GolCasa int,
 GolTrasf int
);

/*Istruzioni per la creazione della tabella GOL con i relativi vincoli alle tabelle PARTITA e GIOCATORE*/

create table Gol
(
 IdPartita int references Partite(IdPartita),
 Minuto int,
 Marcatore char(5) references Giocatori(IdGiocatore),
 Autogol int,
 primary key (IdPartita, Minuto)
);




insert into Squadre values ('Atalanta', 'Bergamo', 'Lete', 'Nero ; Azzurro', 'Palladino');
insert into Squadre values ('Bologna', 'Bologna', 'Saputo', 'Rosso ; Blu', 'Italiano');
insert into Squadre values ('Cagliari', 'Cagliari', 'SARDEGNA ; Doppio Malto', 'Rosso ; Blu', 'Pisacane');
insert into Squadre values ('Como', 'Como', 'Uber', 'Blu Royal ; Bianco', 'Fabregas');
insert into Squadre values ('Cremonese', 'Cremona', 'Itainox ; Acciaieria Arvedi', 'Grigio ; Rosso', 'Nicola');
insert into Squadre values ('Fiorentina', 'Firenze', 'Mediacom', 'Viola', 'Vanoli');
insert into Squadre values ('Genoa', 'Genova', 'Pulsee Luce e Gas', 'Rosso ; Blu', 'De Rossi');
insert into Squadre values ('Hellas Verona', 'Verona', 'Aircash', 'Giallo ; Blu', 'Zanetti');
insert into Squadre values ('Inter', 'Milano', 'betsson.sport', 'Nero ; Azzurro', 'Chivu');
insert into Squadre values ('Juventus', 'Torino', 'Jeep ; Visit Detroit', 'Bianco ; Nero', 'Spalletti');
insert into Squadre values ('Lazio', 'Roma', 'Mizuno', 'Bianco ; Celeste', 'Sarri');
insert into Squadre values ('Lecce', 'Lecce', 'Betitalypay ; Deghi', 'Giallo ; Rosso', 'Di Francesco');
insert into Squadre values ('Milan', 'Milano', 'Emirates', 'Rosso ; Nero', 'Allegri');
insert into Squadre values ('Napoli', 'Napoli', 'MSC Crociere', 'Azzurro ; Bianco', 'Conte');
insert into Squadre values ('Parma', 'Parma', 'Prometeon', 'Bianco ; Nero ; Giallo ; Blu', 'Cuesta');
insert into Squadre values ('Pisa', 'Pisa', 'Cetilar', 'Nero ; Azzurro', 'Gilardino');
insert into Squadre values ('Roma', 'Roma', 'Adidas', 'Giallo ; Rosso', 'Gasperini');
insert into Squadre values ('Sassuolo', 'Sassuolo', 'Mapei', 'Nero ; Verde', 'Grosso');
insert into Squadre values ('Torino', 'Torino', 'Suzuki', 'Granata', 'Baroni');
insert into Squadre values ('Udinese', 'Udine', 'Io sono Friuli Venezia Giulia ; Banca 360', 'Bianco ; Nero', 'Runjaić');


INSERT INTO Giocatori (Squadra, Numero, Nome, Cognome, DataNascita, Ruolo)
VALUES
('Atalanta', 29, 'Marco', 'Carnesecchi', '2000-07-01', 'Portiere'),
('Atalanta', 57, 'Marco', 'Sportiello', '1992-05-10', 'Portiere'),
('Atalanta', 31, 'Francesco', 'Rossi', '1991-04-27', 'Portiere'),
('Atalanta', 42, 'Giorgio', 'Scalvini', '2003-12-11', 'Difensore'),
('Atalanta', 4, 'Isak', 'Hien', '1999-01-13', 'Difensore'),
('Atalanta', 3, 'Odilon', 'Kossounou', '2001-01-04', 'Difensore'),
('Atalanta', 23, 'Sead', 'Kolasinac', '1993-06-20', 'Difensore'),
('Atalanta', 19, 'Berat', 'Djimsiti', '1993-02-19', 'Difensore'),
('Atalanta', 5, 'Mitchel', 'Bakker', '2000-06-20', 'Difensore'),
('Atalanta', 69, 'Honest', 'Ahanor', '2008-02-23', 'Difensore'),
('Atalanta', 15, 'Marten', 'De Roon', '1991-03-29', 'Centrocampista'),
('Atalanta', 13, 'Éderson', '', '1999-07-07', 'Centrocampista'),
('Atalanta', 6, 'Yunus', 'Musah', '2002-11-29', 'Centrocampista'),
('Atalanta', 8, 'Mario', 'Pasalic', '1995-02-09', 'Centrocampista'),
('Atalanta', 44, 'Marco', 'Brescianini', '2000-01-20', 'Centrocampista'),
('Atalanta', 16, 'Raoul', 'Bellanova', '2000-05-17', 'Centrocampista'),
('Atalanta', 77, 'Davide', 'Zappacosta', '1992-06-11', 'Centrocampista'),
('Atalanta', 59, 'Nicola', 'Zalewski', '2002-01-23', 'Centrocampista'),
('Atalanta', 47, 'Lorenzo', 'Bernasconi', '2003-11-16', 'Centrocampista'),
('Atalanta', 17, 'Charles', 'De Ketelaere', '2001-03-10', 'Attaccante'),
('Atalanta', 10, 'Lazar', 'Samardzic', '2002-02-24', 'Attaccante'),
('Atalanta', 70, 'Daniel', 'Maldini', '2001-10-11', 'Attaccante'),
('Atalanta', 7, 'Kamaldeen', 'Sulemana', '2002-02-15', 'Attaccante'),
('Atalanta', 11, 'Ademola', 'Lookman', '1997-10-20', 'Attaccante'),
('Atalanta', 9, 'Gianluca', 'Scamacca', '1999-01-01', 'Attaccante'),
('Atalanta', 90, 'Nikola', 'Krstovic', '2000-04-05', 'Attaccante'),
('Bologna', 1, 'Lukasz', 'Skorupski', '1991-05-05', 'Portiere'),
('Bologna', 13, 'Federico', 'Ravaglia', '1999-11-11', 'Portiere'),
('Bologna', 25, 'Matteo', 'Pessina', '2007-12-25', 'Portiere'),
('Bologna', 26, 'Jhon', 'Lucumí', '1998-06-26', 'Difensore'),
('Bologna', 41, 'Martin', 'Vitík', '2003-01-21', 'Difensore'),
('Bologna', 16, 'Nicolò', 'Casale', '1998-02-14', 'Difensore'),
('Bologna', 14, 'Torbjørn', 'Heggen', '1999-01-12', 'Difensore'),
('Bologna', 0, 'Kevin', 'Bonifazi', '1996-05-19', 'Difensore'),
('Bologna', 33, 'Juan', 'Miranda', '2000-01-19', 'Difensore'),
('Bologna', 22, 'Charalampos', 'Lykogiannis', '1993-10-22', 'Difensore'),
('Bologna', 2, 'Emil', 'Holm', '2000-05-13', 'Difensore'),
('Bologna', 20, 'Nadir', 'Zortea', '1999-06-19', 'Difensore'),
('Bologna', 29, 'Lorenzo', 'De Silvestri', '1988-05-23', 'Difensore'),
('Bologna', 77, 'Ibrahim', 'Sulemana', '2003-05-22', 'Centrocampista'),
('Bologna', 6, 'Nikola', 'Moro', '1998-03-12', 'Centrocampista'),
('Bologna', 19, 'Lewis', 'Ferguson', '1999-08-24', 'Centrocampista'),
('Bologna', 4, 'Tommaso', 'Pobega', '1999-07-15', 'Centrocampista'),
('Bologna', 8, 'Remo', 'Freuler', '1992-04-15', 'Centrocampista'),
('Bologna', 21, 'Jens', 'Odgaard', '1999-03-31', 'Attaccante'),
('Bologna', 80, 'Giovanni', 'Fabbian', '2003-01-14', 'Attaccante'),
('Bologna', 30, 'Benja', 'Domínguez', '2003-09-19', 'Attaccante'),
('Bologna', 11, 'Jonathan', 'Rowe', '2003-04-30', 'Attaccante'),
('Bologna', 28, 'Nicolò', 'Cambiaghi', '2000-12-28', 'Attaccante'),
('Bologna', 7, 'Riccardo', 'Orsolini', '1997-01-24', 'Attaccante'),
('Bologna', 10, 'Federico', 'Bernardeschi', '1994-02-16', 'Attaccante'),
('Bologna', 9, 'Santiago', 'Castro', '2004-09-18', 'Attaccante'),
('Bologna', 24, 'Thijs', 'Dallinga', '2000-08-03', 'Attaccante'),
('Bologna', 17, 'Ciro', 'Immobile', '1990-02-20', 'Attaccante'),
('Cagliari', 1, 'Elia', 'Caprile', '2001-08-25', 'Portiere'),
('Cagliari', 24, 'Giuseppe', 'Ciocci', '2002-01-24', 'Portiere'),
('Cagliari', 6, 'Sebastiano', 'Luperto', '1996-09-06', 'Difensore'),
('Cagliari', 32, 'Zé', 'Pedro', '1997-06-06', 'Difensore'),
('Cagliari', 26, 'Yerry', 'Mina', '1994-09-23', 'Difensore'),
('Cagliari', 33, 'Adam', 'Obert', '2002-08-23', 'Difensore'),
('Cagliari', 15, 'Juan', 'Rodríguez', '2005-05-30', 'Difensore'),
('Cagliari', 23, 'Nicola', 'Pintus', '2005-05-25', 'Difensore'),
('Cagliari', 3, 'Riyad', 'Idrissi', '2005-06-13', 'Difensore'),
('Cagliari', 28, 'Gabriele', 'Zappa', '1999-12-22', 'Difensore'),
('Cagliari', 2, 'Marco', 'Palestra', '2005-03-03', 'Difensore'),
('Cagliari', 18, 'Alessandro', 'Di Pardo', '1999-07-18', 'Difensore'),
('Cagliari', 16, 'Matteo', 'Prati', '2003-12-28', 'Centrocampista'),
('Cagliari', 90, 'Michael', 'Folorunsho', '1998-02-07', 'Centrocampista'),
('Cagliari', 8, 'Michel', 'Adopo', '2000-07-19', 'Centrocampista'),
('Cagliari', 14, 'Alessandro', 'Deiola', '1995-08-01', 'Centrocampista'),
('Cagliari', 4, 'Luca', 'Mazzitelli', '1995-11-15', 'Centrocampista'),
('Cagliari', 20, 'Marko', 'Rog', '1995-07-19', 'Centrocampista'),
('Cagliari', 10, 'Gianluca', 'Gaetano', '2000-05-05', 'Centrocampista'),
('Cagliari', 21, 'Nicolò', 'Cavuoti', '2003-04-04', 'Attaccante'),
('Cagliari', 17, 'Mattia', 'Felici', '2001-04-17', 'Attaccante'),
('Cagliari', 94, 'Sebastiano', 'Esposito', '2002-07-02', 'Attaccante'),
('Cagliari', 9, 'Semih', 'Kılıçsoy', '2005-08-15', 'Attaccante'),
('Cagliari', 77, 'Zito', 'Luvumbo', '2002-03-09', 'Attaccante'),
('Cagliari', 29, 'Gennaro', 'Borrelli', '2000-03-10', 'Attaccante'),
('Cagliari', 19, 'Andrea', 'Belotti', '1993-12-20', 'Attaccante'),
('Cagliari', 30, 'Leonardo', 'Pavoletti', '1988-11-26', 'Attaccante'),
('Como', 1, 'Jean', 'Butez', '1995-06-08', 'Portiere'),
('Como', 44, 'Nikola', 'Cavlina', '2002-06-02', 'Portiere'),
('Como', 12, 'Henrique', 'Menke', '2007-01-12', 'Portiere'),
('Como', 22, 'Mauro', 'Vigorito', '1990-05-22', 'Portiere'),
('Como', 34, 'Diego Carlos', 'Santos Silva', '1993-03-15', 'Difensore'),
('Como', 4, 'Alberto', 'Dossena', '1998-10-13', 'Difensore'),
('Como', 27, 'Stefan', 'Posch', '1997-05-14', 'Difensore'),
('Como', 14, 'Jacobo', 'Ramón', '2005-01-06', 'Difensore'),
('Como', 2, 'Marc Oliver', 'Kempf', '1995-01-28', 'Difensore'),
('Como', 5, 'Edoardo', 'Goldaniga', '1993-11-02', 'Difensore'),
('Como', 3, 'Álex', 'Valle', '2004-04-25', 'Difensore'),
('Como', 18, 'Alberto Moreno', 'Pérez', '1992-07-05', 'Difensore'),
('Como', 77, 'Ignace', 'Van der Brempt', '2002-04-01', 'Difensore'),
('Como', 31, 'Mërgim', 'Vojvoda', '1995-02-01', 'Difensore'),
('Como', 28, 'Ivan', 'Smolcic', '2000-08-17', 'Difensore'),
('Como', 23, 'Máximo', 'Perrone', '2003-01-07', 'Centrocampista'),
('Como', 6, 'Maxence', 'Caqueret', '2000-02-15', 'Centrocampista'),
('Como', 33, 'Lucas', 'Da Cunha', '2001-06-09', 'Centrocampista'),
('Como', 8, 'Sergi Roberto', 'Carnicer', '1992-02-07', 'Centrocampista'),
('Como', 10, 'Nico', 'Paz', '2004-09-08', 'Attaccante'),
('Como', 20, 'Marco', 'Baturina', '2003-02-16', 'Attaccante'),
('Como', 17, 'Jesús', 'Rodríguez', '2005-11-21', 'Attaccante'),
('Como', 38, 'Assane', 'Diao', '2005-09-07', 'Attaccante'),
('Como', 19, 'Nicolas', 'Kühn', '2000-01-01', 'Attaccante'),
('Como', 42, 'Jayden', 'Addai', '2005-08-26', 'Attaccante'),
('Como', 7, 'Álvaro', 'Morata', '1992-10-23', 'Attaccante'),
('Como', 11, 'Anastasios', 'Douvikas', '1999-08-02', 'Attaccante'),
('Como', 99, 'Alberto', 'Cerri', '1996-04-16', 'Attaccante'),
('Cremonese', 1, 'Emil', 'Audero', '1997-01-18', 'Portiere'),
('Cremonese', 16, 'Marco', 'Silvestri', '1991-03-02', 'Portiere'),
('Cremonese', 69, 'Lapo', 'Nava', '2004-01-22', 'Portiere'),
('Cremonese', 30, 'Mikayil', 'Faye', '2004-07-14', 'Difensore'),
('Cremonese', 6, 'Federico', 'Baschirotto', '1996-09-20', 'Difensore'),
('Cremonese', 15, 'Matteo', 'Bianchetti', '1993-03-17', 'Difensore'),
('Cremonese', 55, 'Francesco', 'Folino', '2002-01-23', 'Difensore'),
('Cremonese', 23, 'Federico', 'Ceccherini', '1992-05-11', 'Difensore'),
('Cremonese', 3, 'Giuseppe', 'Pezzella', '1997-11-29', 'Difensore'),
('Cremonese', 24, 'Filippo', 'Terracciano', '2003-02-08', 'Difensore'),
('Cremonese', 4, 'Tommaso', 'Barbieri', '2002-08-26', 'Difensore'),
('Cremonese', 22, 'Romano', 'Floriani Mussolini', '2003-01-27', 'Difensore'),
('Cremonese', 33, 'Alberto', 'Grassi', '1995-03-07', 'Centrocampista'),
('Cremonese', 38, 'Warren', 'Bondo', '2003-09-15', 'Centrocampista'),
('Cremonese', 32, 'Martín', 'Payero', '1998-09-11', 'Centrocampista'),
('Cremonese', 27, 'Jari', 'Vandeputte', '1996-02-14', 'Centrocampista'),
('Cremonese', 18, 'Michele', 'Collocolo', '1999-11-08', 'Centrocampista'),
('Cremonese', 8, 'Mattia', 'Valoti', '1993-09-06', 'Centrocampista'),
('Cremonese', 48, 'Dachi', 'Lordkipanidze', '2005-03-08', 'Centrocampista'),
('Cremonese', 7, 'Alessio', 'Zerbin', '1999-03-03', 'Centrocampista'),
('Cremonese', 20, 'Franco', 'Vázquez', '1989-02-22', 'Attaccante'),
('Cremonese', 19, 'Jeremy', 'Sarmiento', '2002-06-16', 'Attaccante'),
('Cremonese', 11, 'Dennis', 'Johnsen', '1998-02-17', 'Attaccante'),
('Cremonese', 14, 'Faris', 'Moumbagna', '2000-07-01', 'Attaccante'),
('Cremonese', 99, 'Antonio', 'Sanabria', '1996-03-04', 'Attaccante'),
('Cremonese', 77, 'David', 'Okereke', '1997-08-29', 'Attaccante'),
('Cremonese', 10, 'Jamie', 'Vardy', '1987-01-11', 'Attaccante'),
('Cremonese', 90, 'Federico', 'Bonazzoli', '1997-05-21', 'Attaccante'),
/*insert into Giocatori
 (Squadra, Numero, Nome, Cognome, DataNascita, Ruolo)
 values*/('Fiorentina', 43, 'David', 'De Gea', '1990-11-07', 'Portiere'),
('Fiorentina', 1, 'Luca', 'Lezzerini', '1995-03-24', 'Portiere'),
('Fiorentina', 15, 'Pietro', 'Comuzzo', '2005-02-20', 'Difensore'),
('Fiorentina', 6, 'Luca', 'Ranieri', '1999-04-23', 'Difensore'),
('Fiorentina', 5, 'Marin', 'Pongracic', '1997-09-11', 'Difensore'),
('Fiorentina', 26, 'Mattia', 'Vitti', '2002-01-24', 'Difensore'),
('Fiorentina', 18, 'Pablo', 'Marí', '1993-08-31', 'Difensore'),
('Fiorentina', 23, 'Eman', 'Kospo', '2007-05-17', 'Difensore'),
('Fiorentina', 60, 'Eddy', 'Kouadio', '2006-05-07', 'Difensore'),
('Fiorentina', 29, 'Niccolò', 'Fortini', '2006-02-13', 'Difensore'),
('Fiorentina', 21, 'Robin', 'Gosens', '1994-07-05', 'Difensore'),
('Fiorentina', 65, 'Fabiano', 'Parisi', '2000-11-09', 'Difensore'),
('Fiorentina', 2, 'Dodô', 'dos Santos', '1998-11-17', 'Difensore'),
('Fiorentina', 48, 'Tariq', 'Lamptey', '2000-09-30', 'Difensore'),
('Fiorentina', 8, 'Rolando', 'Mandragora', '1997-06-29', 'Centrocampista'),
('Fiorentina', 44, 'Nicolò', 'Fagioli', '2001-02-12', 'Centrocampista'),
('Fiorentina', 7, 'Simon', 'Sohm', '2001-04-11', 'Centrocampista'),
('Fiorentina', 22, 'Jacopo', 'Fazzini', '2003-03-16', 'Centrocampista'),
('Fiorentina', 14, 'Hans', 'Nicolussi Caviglia', '2000-06-18', 'Centrocampista'),
('Fiorentina', 24, 'Amir', 'Richardson', '2002-01-24', 'Centrocampista'),
('Fiorentina', 27, 'Cher', 'Ndour', '2004-07-27', 'Centrocampista'),
('Fiorentina', 11, 'Abdelhamid', 'Sabiri', '1996-11-28', 'Centrocampista'),
('Fiorentina', 10, 'Albert', 'Gudmundsson', '1997-06-15', 'Attaccante'),
('Fiorentina', 20, 'Moise', 'Kean', '2000-02-28', 'Attaccante'),
('Fiorentina', 91, 'Roberto', 'Piccoli', '2001-01-27', 'Attaccante'),
('Fiorentina', 99, 'Christian', 'Kouamé', '1997-12-06', 'Attaccante'),
('Fiorentina', 9, 'Edin', 'Dzeko', '1986-03-17', 'Attaccante'),
('Fiorentina', 61, 'Riccardo', 'Braschi', '2006-08-24', 'Attaccante'),
('Atalanta', 44, 'Ben', 'Godfrey', '1998-01-15', 'Difensore'),
('Cagliari', 12, 'Alen', 'Sherri', '1997-12-15', 'Portiere'),
('Cagliari', 27, 'Joseph', 'Liteto', '2006-02-22', 'Difensore'),
('Como', 21, 'Noel', 'Törnqvist', '2002-02-01', 'Portiere'),
('Fiorentina', 19, 'Manor', 'Solomon', '1997-07-24', 'Attaccante'),
('Genoa', 1, 'Nicola', 'Leali', '1993-02-17', 'Portiere'),
('Genoa', 31, 'Benjamin', 'Siegrist', '1992-01-31', 'Portiere'),
('Genoa', 35, 'Ernestas', 'Lysionok', '2007-03-09', 'Portiere'),
('Genoa', 39, 'Daniele', 'Sommariva', '1997-07-18', 'Portiere'),
('Genoa', 22, 'Johan', 'Vásquez', '1998-10-22', 'Difensore'),
('Genoa', 5, 'Leo', 'Østigård', '1999-11-28', 'Difensore'),
('Genoa', 27, 'Alessandro', 'Marcandalli', '2002-10-25', 'Difensore'),
('Genoa', 34, 'Sebastian', 'Otoa', '2004-05-13', 'Difensore'),
('Genoa', 3, 'Aarón', 'Martín', '1997-04-22', 'Difensore'),
('Genoa', 15, 'Brooke', 'Norton-Cuffy', '2004-01-12', 'Difensore'),
('Genoa', 20, 'Stefano', 'Sabelli', '1993-01-13', 'Difensore'),
('Genoa', 14, 'Jean', 'Onana', '2000-01-08', 'Centrocampista'),
('Genoa', 32, 'Morten', 'Frendrup', '2001-04-07', 'Centrocampista'),
('Genoa', 73, 'Patrizio', 'Masini', '2001-01-27', 'Centrocampista'),
('Genoa', 77, 'Mikael Egill', 'Ellertsson', '2002-03-11', 'Centrocampista'),
('Genoa', 2, 'Morten', 'Thorsby', '1996-05-05', 'Centrocampista'),
('Genoa', 11, 'Albert', 'Grønbæk', '2001-05-23', 'Centrocampista'),
('Genoa', 17, 'Ruslan', 'Malinovskyi', '1993-05-04', 'Centrocampista'),
('Genoa', 8, 'Nicolae', 'Stanciu', '1993-05-07', 'Centrocampista'),
('Genoa', 30, 'Huco', 'Cuenca', '2005-01-08', 'Centrocampista'),
('Genoa', 70, 'Maxwel', 'Cornet', '1996-09-27', 'Attaccante'),
('Genoa', 40, 'Seydou', 'Fini', '2006-06-02', 'Attaccante'),
('Genoa', 76, 'Lorenzo', 'Venturino', '2006-06-22', 'Attaccante'),
('Genoa', 10, 'Junior', 'Messias', '1991-05-13', 'Attaccante'),
('Genoa', 9, '', 'Vitinha', '2000-03-15', 'Attaccante'),
('Genoa', 21, 'Jeff', 'Ekhator', '2006-11-11', 'Attaccante'),
('Genoa', 29, 'Lorenzo', 'Colombo', '2002-03-08', 'Attaccante'),
('Genoa', 18, 'Caleb', 'Ekuban', '1994-03-23', 'Attaccante'),
('Hellas Verona', 1, 'Lorenzo', 'Montipò', '1996-02-20', 'Portiere'),
('Hellas Verona', 34, 'Simone', 'Perilli', '1995-01-07', 'Portiere'),
('Hellas Verona', 94, 'Giacomo', 'Tognolo', '2004-04-01', 'Portiere'),
('Hellas Verona', 99, 'Mattia', 'Chiesa', '2000-07-16', 'Portiere'),
('Hellas Verona', 15, 'Victor', 'Nelsson', '1998-10-14', 'Difensore'),
('Hellas Verona', 37, 'Armel', 'Bella-Kotchap', '2001-12-11', 'Difensore'),
('Hellas Verona', 6, 'Nicolás', 'Valentini', '2001-04-06', 'Difensore'),
('Hellas Verona', 5, 'Unai', 'Núñez', '1997-01-30', 'Difensore'),
('Hellas Verona', 19, 'Tobias', 'Slotsager', '2006-01-01', 'Difensore'),
('Hellas Verona', 23, 'Enzo', 'Ebosse', '1999-03-11', 'Difensore'),
('Hellas Verona', 3, 'Martin', 'Frese', '1998-01-04', 'Difensore'),
('Hellas Verona', 12, 'Domagoj', 'Bradaric', '1999-12-10', 'Difensore'),
('Hellas Verona', 7, 'Rafik', 'Belghali', '2002-06-07', 'Difensore'),
('Hellas Verona', 70, 'Fallou', 'Cham', '2006-02-14', 'Difensore'),
('Hellas Verona', 2, 'Daniel', 'Oyegoke', '2003-01-03', 'Difensore'),
('Hellas Verona', 73, 'Moatasem', 'Al-Musrati', '1996-04-06', 'Centrocampista'),
('Hellas Verona', 36, 'Cheikh', 'Niasse', '2000-01-19', 'Centrocampista'),
('Hellas Verona', 8, 'Suat', 'Serdar', '1997-04-11', 'Centrocampista'),
('Hellas Verona', 24, 'Antoine', 'Bernede', '1999-05-26', 'Centrocampista'),
('Hellas Verona', 21, 'Abdou', 'Harroui', '1998-01-13', 'Centrocampista'),
('Hellas Verona', 63, 'Roberto', 'Gagliardini', '1994-04-07', 'Centrocampista'),
('Hellas Verona', 11, 'Jean-Daniel', 'Akpa Akpro', '1992-10-11', 'Centrocampista'),
('Hellas Verona', 10, 'Tomas', 'Suslov', '2002-06-07', 'Centrocampista'),
('Hellas Verona', 20, 'Grigoris', 'Kastanos', '1998-01-30', 'Centrocampista'),
('Hellas Verona', 17, 'Giovane', '', '2003-11-24', 'Attaccante'),
('Hellas Verona', 16, 'Gift', 'Orban', '2002-07-17', 'Attaccante'),
('Hellas Verona', 9, 'Amin', 'Sarr', '2001-03-11', 'Attaccante'),
('Hellas Verona', 25, 'Daniel', 'Mosquera', '1999-10-20', 'Attaccante'),
('Hellas Verona', 30, 'Isaac', '', '2004-03-26', 'Attaccante'),
('Hellas Verona', 72, 'Junior', 'Ajayi', '2004-10-11', 'Attaccante'),
('Inter', 13, 'Josep', 'Martinez', '1998-05-27', 'Portiere'),
('Inter', 1, 'Yann', 'Sommer', '1988-12-17', 'Portiere'),
('Inter', 12, 'Raffaele', 'Di Gennaro', '1993-10-03', 'Portiere'),
('Inter', 95, 'Alessandro', 'Bastoni', '1999-04-13', 'Difensore'),
('Inter', 31, 'Yann', 'Bisseck', '2000-11-29', 'Difensore'),
('Inter', 25, 'Manuel', 'Akanji', '1995-07-19', 'Difensore'),
('Inter', 6, 'Stefan', 'De Vrij', '1992-02-05', 'Difensore'),
('Inter', 42, 'Tomás', 'Palacios', '2003-04-28', 'Difensore'),
('Inter', 15, 'Francesco', 'Acerbi', '1988-02-10', 'Difensore'),
('Inter', 32, 'Federico', 'Di Marco', '1997-11-10', 'Difensore'),
('Inter', 30, 'Carlos Augusto', '', '1999-01-07', 'Difensore'),
('Inter', 2, 'Denzel', 'Dumfries', '1996-04-18', 'Difensore'),
('Inter', 36, 'Matteo', 'Darmian', '1989-12-02', 'Difensore'),
('Inter', 20, 'Hakan', 'Çalhanoglu', '1994-02-08', 'Centrocampista'),
('Inter', 23, 'Nicolò', 'Barella', '1997-02-07', 'Centrocampista'),
('Inter', 8, 'Petar', 'Sucic', '2003-10-25', 'Centrocampista'),
('Inter', 16, 'Davide', 'Frattesi', '1999-09-22', 'Centrocampista'),
('Inter', 17, 'Andy', 'Diouf', '2003-05-17', 'Centrocampista'),
('Inter', 7, 'Piotr', 'Zielinski', '1994-05-20', 'Centrocampista'),
('Inter', 22, 'Henrikh', 'Mkhitaryan', '1989-01-21', 'Centrocampista'),
('Inter', 11, 'Luis Henrique', '', '2001-12-14', 'Centrocampista'),
('Inter', 45, 'Valentín', 'Carboni', '2005-03-05', 'Centrocampista'),
('Inter', 10, 'Lautaro', 'Martínez', '1997-08-22', 'Attaccante'),
('Inter', 9, 'Marcus', 'Thuram', '1997-08-06', 'Attaccante'),
('Inter', 14, 'Ange-Yoan', 'Bonny', '2003-10-25', 'Attaccante'),
('Inter', 94, 'Pio', 'Esposito', '2005-06-28', 'Attaccante'),
('Juventus', 16, 'Michele', 'Di Gregorio', '1997-07-27', 'Portiere'),
('Juventus', 1, 'Mattia', 'Perin', '1992-11-10', 'Portiere'),
('Juventus', 23, 'Carlo', 'Pinsoglio', '1990-03-16', 'Portiere'),
('Juventus', 3, 'Gleison', 'Bremer', '1997-03-18', 'Difensore'),
('Juventus', 15, 'Pierre', 'Kalulu', '2000-06-05', 'Difensore'),
('Juventus', 4, 'Federico', 'Gatti', '1998-06-24', 'Difensore'),
('Juventus', 6, 'Lloyd', 'Kelly', '1998-10-06', 'Difensore'),
('Juventus', 24, 'Daniele', 'Rugani', '1994-07-29', 'Difensore'),
('Juventus', 32, 'Juan', 'Cabal', '2001-01-08', 'Difensore'),
('Juventus', 40, 'Jonas', 'Rouhi', '2004-01-07', 'Difensore'),
('Juventus', 5, 'Manuel', 'Locatelli', '1998-01-08', 'Centrocampista'),
('Juventus', 19, 'Khéphren', 'Thuram', '2001-03-26', 'Centrocampista'),
('Juventus', 22, 'Weston', 'McKennie', '1998-08-28', 'Centrocampista'),
('Juventus', 21, 'Fabio', 'Miretti', '2003-08-03', 'Centrocampista'),
('Juventus', 25, 'João Mário', '', '2000-01-03', 'Centrocampista'),
('Juventus', 27, 'Andrea', 'Cambiaso', '2000-02-20', 'Centrocampista'),
('Juventus', 18, 'Filip', 'Kostic', '1992-11-01', 'Centrocampista'),
('Juventus', 8, 'Teun', 'Koopmeiners', '1998-02-28', 'Centrocampista'),
('Juventus', 17, 'Vasilije', 'Adzic', '2006-05-12', 'Centrocampista'),
('Juventus', 10, 'Kenan', 'Yıldız', '2005-05-04', 'Attaccante'),
('Juventus', 7, 'Francisco', 'Conceição', '2002-12-14', 'Attaccante'),
('Juventus', 11, 'Edon', 'Zhegrova', '1999-03-31', 'Attaccante'),
('Juventus', 20, 'Loïs', 'Openda', '2000-02-16', 'Attaccante'),
('Juventus', 9, 'Dusan', 'Vlahovic', '2000-01-28', 'Attaccante'),
('Juventus', 30, 'Jonathan', 'David', '2000-01-14', 'Attaccante'),
('Juventus', 14, 'Arkadiusz', 'Milik', '1994-02-28', 'Attaccante'),
('Lazio', 35, 'Christos', 'Mandas', '2001-09-17', 'Portiere'),
('Lazio', 94, 'Ivan', 'Provedel', '1994-03-17', 'Portiere'),
('Lazio', 55, 'Alessio', 'Furlanetto', '2002-02-07', 'Portiere'),
('Lazio', 34, 'Mario', 'Gila', '2000-08-29', 'Difensore'),
('Lazio', 13, 'Alessio', 'Romagnoli', '1995-01-12', 'Difensore'),
('Lazio', 25, 'Oliver', 'Provstgaard', '2003-06-04', 'Difensore'),
('Lazio', 2, 'Samuel', 'Gigot', '1993-10-12', 'Difensore'),
('Lazio', 4, 'Patric', '', '1993-04-17', 'Difensore'),
('Lazio', 17, 'Nuno', 'Tavares', '2000-01-26', 'Difensore'),
('Lazio', 3, 'Luca', 'Pellegrini', '1999-03-07', 'Difensore'),
('Lazio', 16, 'Dimitrije', 'Kamenovic', '2000-07-16', 'Difensore'),
('Lazio', 77, 'Adam', 'Marusic', '1992-10-17', 'Difensore'),
('Lazio', 29, 'Manuel', 'Lazzari', '1993-11-29', 'Difensore'),
('Lazio', 23, 'Elseid', 'Hysaj', '1994-02-02', 'Difensore'),
('Lazio', 6, 'Nicolò', 'Rovella', '2001-12-04', 'Centrocampista'),
('Lazio', 21, 'Reda', 'Belahyane', '2004-06-01', 'Centrocampista'),
('Lazio', 32, 'Danilo', 'Cataldi', '1994-08-06', 'Centrocampista'),
('Lazio', 24, 'Kenneth', 'Taylor', '2002-05-16', 'Centrocampista'),
('Lazio', 26, 'Toma', 'Basic', '1996-11-25', 'Centrocampista'),
('Lazio', 5, 'Matías', 'Vecino', '1991-08-24', 'Centrocampista'),
('Lazio', 7, 'Fisayo', 'Dele-Bashiru', '2001-02-06', 'Centrocampista'),
('Lazio', 10, 'Mattia', 'Zaccagni', '1995-06-16', 'Attaccante'),
('Lazio', 18, 'Gustav', 'Isaksen', '2001-04-19', 'Attaccante'),
('Lazio', 14, 'Tijjani', 'Noslin', '1999-07-07', 'Attaccante'),
('Lazio', 22, 'Matteo', 'Cancellieri', '2002-02-12', 'Attaccante'),
('Lazio', 9, 'Pedro', '', '1987-07-28', 'Attaccante'),
('Lazio', 19, 'Boulaye', 'Dia', '1996-11-16', 'Attaccante'),
('Lazio', 20, 'Petar', 'Ratkov', '2003-08-18', 'Attaccante'),
('Lecce', 30, 'Wladimiro', 'Falcone', '1994-04-12', 'Portiere'),
('Lecce', 1, 'Christian', 'Früchtl', '2000-01-28', 'Portiere'),
('Lecce', 32, 'Jasper', 'Samooja', '2003-07-21', 'Portiere'),
('Lecce', 44, 'Tiago Gabriel', '', '2004-12-26', 'Difensore'),
('Lecce', 5, 'Jamil', 'Siebert', '2002-04-02', 'Difensore'),
('Lecce', 4, 'Gaspar', '', '1999-09-27', 'Difensore'),
('Lecce', 18, 'Gaby', 'Jean', '2000-02-19', 'Difensore'),
('Lecce', 13, 'Matías', 'Pérez', '2005-04-13', 'Difensore'),
('Lecce', 25, 'Antonino', 'Gallo', '2000-01-05', 'Difensore'),
('Lecce', 3, 'Corrie', 'Ndaba', '1999-12-25', 'Difensore'),
('Lecce', 17, 'Danilo', 'Veiga', '2002-09-25', 'Difensore'),
('Lecce', 21, 'Christ-Owen', 'Kouassi', '2003-04-15', 'Difensore'),
('Lecce', 12, 'Frédéric', 'Guilbert', '1994-12-24', 'Difensore'),
('Lecce', 20, 'Ylber', 'Ramadani', '1996-04-12', 'Centrocampista'),
('Lecce', 75, 'Balthazar', 'Pierret', '2000-05-15', 'Centrocampista'),
('Lecce', 8, 'Sadik', 'Fofana', '2003-05-16', 'Centrocampista'),
('Lecce', 79, 'Oumar', 'Ngon', '2004-03-09', 'Centrocampista'),
('Lecce', 10, 'Medon', 'Berisha', '2003-10-21', 'Centrocampista'),
('Lecce', 29, 'Lassana', 'Coulibaly', '1996-04-10', 'Centrocampista'),
('Lecce', 14, 'Thórir Jóhann', 'Helgason', '2000-09-28', 'Centrocampista'),
('Lecce', 6, 'Álex', 'Sala', '2001-04-09', 'Centrocampista'),
('Lecce', 77, 'Mohamed', 'Kaba', '2001-10-27', 'Centrocampista'),
('Lecce', 80, 'Niko', 'Kovac', '2005-04-08', 'Centrocampista'),
('Lecce', 16, 'Omri', 'Gandelman', '2000-05-16', 'Centrocampista'),
('Lecce', 36, 'Filip', 'Marchwinski', '2002-01-10', 'Centrocampista'),
('Lecce', 23, 'Riccardo', 'Sottil', '1999-06-03', 'Attaccante'),
('Lecce', 19, 'Lameck', 'Banda', '2001-01-29', 'Attaccante'),
('Lecce', 7, 'Tete Morente', '', '1996-12-04', 'Attaccante'),
('Lecce', 50, 'Santiago', 'Perotti', '2001-04-03', 'Attaccante'),
('Lecce', 11, 'Konan', "N'Dri", '2000-10-27', 'Attaccante'),
('Lecce', 22, 'Francesco', 'Camarda', '2008-03-10', 'Attaccante'),
('Lecce', 9, 'Nikola', 'Stulic', '2001-09-08', 'Attaccante'),
('Milan', 16, 'Mike', 'Maignan', '1995-07-03', 'Portiere'),
('Milan', 1, 'Pietro', 'Terracciano', '1990-03-08', 'Portiere'),
('Milan', 96, 'Lorenzo', 'Torriani', '2005-01-31', 'Portiere'),
('Milan', 31, 'Strahinja', 'Pavlovic', '2001-05-24', 'Difensore'),
('Milan', 5, 'Komi', 'De Winter', '2002-06-12', 'Difensore'),
('Milan', 23, 'Fikayo', 'Tomori', '1997-12-19', 'Difensore'),
('Milan', 46, 'Matteo', 'Gabbia', '1999-10-21', 'Difensore'),
('Milan', 27, 'David', 'Odogu', '2006-06-03', 'Difensore'),
('Milan', 33, 'Davide', 'Bartesaghi', '2005-12-29', 'Difensore'),
('Milan', 2, 'Pervis', 'Estupiñán', '1998-01-21', 'Difensore'),
('Milan', 24, 'Zachary', 'Athekame', '2004-12-13', 'Difensore'),
('Milan', 30, 'Ardon', 'Jashari', '2002-07-30', 'Centrocampista'),
('Milan', 19, 'Youssouf', 'Fofana', '1999-01-10', 'Centrocampista'),
('Milan', 4, 'Samuele', 'Ricci', '2001-08-21', 'Centrocampista'),
('Milan', 12, 'Adrien', 'Rabiot', '1995-04-03', 'Centrocampista'),
('Milan', 8, 'Ruben', 'Loftus-Cheek', '1996-01-23', 'Centrocampista'),
('Milan', 14, 'Luka', 'Modric', '1985-09-09', 'Centrocampista'),
('Milan', 56, 'Alexis', 'Saelemaekers', '1999-06-27', 'Centrocampista'),
('Milan', 10, 'Rafael', 'Leão', '1999-06-10', 'Attaccante'),
('Milan', 11, 'Christian', 'Pulisic', '1999-09-18', 'Attaccante'),
('Milan', 18, 'Christopher', 'Nkunku', '1997-11-14', 'Attaccante'),
('Milan', 7, 'Santiago', 'Gimenez', '2001-04-18', 'Attaccante'),
('Milan', 9, 'Niclas', 'Füllkrug', '1993-02-09', 'Attaccante'),
('Napoli', 32, 'Vanja', 'Milinkovic-Savic', '1997-02-20', 'Portiere'),
('Napoli', 1, 'Alex', 'Meret', '1997-03-22', 'Portiere'),
('Napoli', 14, 'Nikita', 'Contini', '1996-05-21', 'Portiere'),
('Napoli', 25, 'Mathias', 'Ferrante', '2006-09-01', 'Portiere'),
('Napoli', 4, 'Alessandro', 'Buongiorno', '1999-06-06', 'Difensore'),
('Napoli', 31, 'Sam', 'Beukema', '1999-11-17', 'Difensore'),
('Napoli', 13, 'Amir', 'Rahmani', '1994-02-24', 'Difensore'),
('Napoli', 35, 'Luca', 'Marianucci', '2004-07-23', 'Difensore'),
('Napoli', 5, 'Juan Jesus', '', '1991-06-10', 'Difensore'),
('Napoli', 17, 'Mathías', 'Olivera', '1997-10-31', 'Difensore'),
('Napoli', 3, 'Miguel', 'Gutiérrez', '2001-07-27', 'Difensore'),
('Napoli', 37, 'Leonardo', 'Spinazzola', '1993-03-25', 'Difensore'),
('Napoli', 22, 'Giovanni', 'Di Lorenzo', '1993-08-04', 'Difensore'),
('Napoli', 30, 'Pasquale', 'Mazzocchi', '1995-07-27', 'Difensore'),
('Napoli', 6, 'Billy', 'Gilmour', '2001-06-11', 'Centrocampista'),
('Napoli', 68, 'Stanislav', 'Lobotka', '1994-11-25', 'Centrocampista'),
('Napoli', 8, 'Scott', 'McTominay', '1996-12-08', 'Centrocampista'),
('Napoli', 99, 'Frank', 'Anguissa', '1995-11-16', 'Centrocampista'),
('Napoli', 11, 'Kevin', 'De Bruyne', '1991-06-28', 'Centrocampista'),
('Napoli', 20, 'Eljif', 'Elmas', '1999-09-24', 'Centrocampista'),
('Napoli', 26, 'Antonio', 'Vergara', '2003-01-16', 'Centrocampista'),
('Napoli', 70, 'Noa', 'Lang', '1999-06-17', 'Attaccante'),
('Napoli', 7, 'David', 'Neres', '1997-03-03', 'Attaccante'),
('Napoli', 21, 'Matteo', 'Politano', '1993-08-03', 'Attaccante'),
('Napoli', 19, 'Rasmus', 'Højlund', '2003-02-04', 'Attaccante'),
('Napoli', 27, 'Lorenzo', 'Lucca', '2000-09-10', 'Attaccante'),
('Napoli', 9, 'Romelu', 'Lukaku', '1993-05-13', 'Attaccante'),
('Napoli', 69, 'Giuseppe', 'Ambrosino', '2003-09-10', 'Attaccante'),
('Roma', 43, 'Wesley', 'França', '2003-09-06', 'Difensore');

insert into partite (giornata, sqcasa, sqtrasf, golcasa, goltrasf) values (1, 'Genoa', 'Lecce', 0, 0),(1, 'Sassuolo', 'Napoli', 0, 2),
(1, 'Roma', 'Bologna', 1, 0), (1, 'Milan', 'Cremonese', 1, 2);

insert into Gol (IdPartita, Minuto, Marcatore, Autogol) (2, 17, 290, 0), (2, 57, 291, 0);