USE Campionato25_26;
GO

/* Imposta il formato data su Giorno-Mese-Anno */
SET DATEFORMAT dmy;
GO

/* Inserimento SQUADRE (invariato) */
INSERT INTO Squadre VALUES ('Atalanta', 'Bergamo', 'Lete', 'Nero ; Azzurro', 'Palladino');
INSERT INTO Squadre VALUES ('Bologna', 'Bologna', 'Saputo', 'Rosso ; Blu', 'Italiano');
INSERT INTO Squadre VALUES ('Cagliari', 'Cagliari', 'SARDEGNA ; Doppio Malto', 'Rosso ; Blu', 'Pisacane');
INSERT INTO Squadre VALUES ('Como', 'Como', 'Uber', 'Blu Royal ; Bianco', 'Fabregas');
INSERT INTO Squadre VALUES ('Cremonese', 'Cremona', 'Itainox ; Acciaieria Arvedi', 'Grigio ; Rosso', 'Nicola');
INSERT INTO Squadre VALUES ('Fiorentina', 'Firenze', 'Mediacom', 'Viola', 'Vanoli');
INSERT INTO Squadre VALUES ('Genoa', 'Genova', 'Pulsee Luce e Gas', 'Rosso ; Blu', 'De Rossi');
INSERT INTO Squadre VALUES ('Hellas Verona', 'Verona', 'Aircash', 'Giallo ; Blu', 'Zanetti');
INSERT INTO Squadre VALUES ('Inter', 'Milano', 'betsson.sport', 'Nero ; Azzurro', 'Chivu');
INSERT INTO Squadre VALUES ('Juventus', 'Torino', 'Jeep ; Visit Detroit', 'Bianco ; Nero', 'Spalletti');
INSERT INTO Squadre VALUES ('Lazio', 'Roma', 'Mizuno', 'Bianco ; Celeste', 'Sarri');
INSERT INTO Squadre VALUES ('Lecce', 'Lecce', 'Betitalypay ; Deghi', 'Giallo ; Rosso', 'Di Francesco');
INSERT INTO Squadre VALUES ('Milan', 'Milano', 'Emirates', 'Rosso ; Nero', 'Allegri');
INSERT INTO Squadre VALUES ('Napoli', 'Napoli', 'MSC Crociere', 'Azzurro ; Bianco', 'Conte');
INSERT INTO Squadre VALUES ('Parma', 'Parma', 'Prometeon', 'Bianco ; Nero ; Giallo ; Blu', 'Cuesta');
INSERT INTO Squadre VALUES ('Pisa', 'Pisa', 'Cetilar', 'Nero ; Azzurro', 'Gilardino');
INSERT INTO Squadre VALUES ('Roma', 'Roma', 'Adidas', 'Giallo ; Rosso', 'Gasperini');
INSERT INTO Squadre VALUES ('Sassuolo', 'Sassuolo', 'Mapei', 'Nero ; Verde', 'Grosso');
INSERT INTO Squadre VALUES ('Torino', 'Torino', 'Suzuki', 'Granata', 'Baroni');
INSERT INTO Squadre VALUES ('Udinese', 'Udine', 'Io sono Friuli Venezia Giulia ; Banca 360', 'Bianco ; Nero', 'Runjaić');
GO

/* Inserimento GIOCATORI con date in formato DMY */
INSERT INTO Giocatori (Squadra, Numero, Nome, Cognome, DataNascita, Ruolo)
VALUES
('Atalanta', 29, 'Marco', 'Carnesecchi', '01-07-2000', 'Portiere'),
('Atalanta', 57, 'Marco', 'Sportiello', '10-05-1992', 'Portiere'),
('Atalanta', 31, 'Francesco', 'Rossi', '27-04-1991', 'Portiere'),
('Atalanta', 42, 'Giorgio', 'Scalvini', '11-12-2003', 'Difensore'),
('Atalanta', 4, 'Isak', 'Hien', '13-01-1999', 'Difensore'),
('Atalanta', 3, 'Odilon', 'Kossounou', '04-01-2001', 'Difensore'),
('Atalanta', 23, 'Sead', 'Kolasinac', '20-06-1993', 'Difensore'),
('Atalanta', 19, 'Berat', 'Djimsiti', '19-02-1993', 'Difensore'),
('Atalanta', 5, 'Mitchel', 'Bakker', '20-06-2000', 'Difensore'),
('Atalanta', 69, 'Honest', 'Ahanor', '23-02-2008', 'Difensore'),
('Atalanta', 15, 'Marten', 'De Roon', '29-03-1991', 'Centrocampista'),
('Atalanta', 13, 'Éderson', '', '07-07-1999', 'Centrocampista'),
('Atalanta', 6, 'Yunus', 'Musah', '29-11-2002', 'Centrocampista'),
('Atalanta', 8, 'Mario', 'Pasalic', '09-02-1995', 'Centrocampista'),
('Atalanta', 44, 'Marco', 'Brescianini', '20-01-2000', 'Centrocampista'),
('Atalanta', 16, 'Raoul', 'Bellanova', '17-05-2000', 'Centrocampista'),
('Atalanta', 77, 'Davide', 'Zappacosta', '11-06-1992', 'Centrocampista'),
('Atalanta', 59, 'Nicola', 'Zalewski', '23-01-2002', 'Centrocampista'),
('Atalanta', 47, 'Lorenzo', 'Bernasconi', '16-11-2003', 'Centrocampista'),
('Atalanta', 17, 'Charles', 'De Ketelaere', '10-03-2001', 'Attaccante'),
('Atalanta', 10, 'Lazar', 'Samardzic', '24-02-2002', 'Attaccante'),
('Atalanta', 70, 'Daniel', 'Maldini', '11-10-2001', 'Attaccante'),
('Atalanta', 7, 'Kamaldeen', 'Sulemana', '15-02-2002', 'Attaccante'),
('Atalanta', 11, 'Ademola', 'Lookman', '20-10-1997', 'Attaccante'),
('Atalanta', 9, 'Gianluca', 'Scamacca', '01-01-1999', 'Attaccante'),
('Atalanta', 90, 'Nikola', 'Krstovic', '05-04-2000', 'Attaccante'),
('Bologna', 1, 'Lukasz', 'Skorupski', '05-05-1991', 'Portiere'),
('Bologna', 13, 'Federico', 'Ravaglia', '11-11-1999', 'Portiere'),
('Bologna', 25, 'Matteo', 'Pessina', '25-12-2007', 'Portiere'),
('Bologna', 26, 'Jhon', 'Lucumí', '26-06-1998', 'Difensore'),
('Bologna', 41, 'Martin', 'Vitík', '21-01-2003', 'Difensore'),
('Bologna', 16, 'Nicolò', 'Casale', '14-02-1998', 'Difensore'),
('Bologna', 14, 'Torbjørn', 'Heggen', '12-01-1999', 'Difensore'),
('Bologna', 0, 'Kevin', 'Bonifazi', '19-05-1996', 'Difensore'),
('Bologna', 33, 'Juan', 'Miranda', '19-01-2000', 'Difensore'),
('Bologna', 22, 'Charalampos', 'Lykogiannis', '22-10-1993', 'Difensore'),
('Bologna', 2, 'Emil', 'Holm', '13-05-2000', 'Difensore'),
('Bologna', 20, 'Nadir', 'Zortea', '19-06-1999', 'Difensore'),
('Bologna', 29, 'Lorenzo', 'De Silvestri', '23-05-1988', 'Difensore'),
('Bologna', 77, 'Ibrahim', 'Sulemana', '22-05-2003', 'Centrocampista'),
('Bologna', 6, 'Nikola', 'Moro', '12-03-1998', 'Centrocampista'),
('Bologna', 19, 'Lewis', 'Ferguson', '24-08-1999', 'Centrocampista'),
('Bologna', 4, 'Tommaso', 'Pobega', '15-07-1999', 'Centrocampista'),
('Bologna', 8, 'Remo', 'Freuler', '15-04-1992', 'Centrocampista'),
('Bologna', 21, 'Jens', 'Odgaard', '31-03-1999', 'Attaccante'),
('Bologna', 80, 'Giovanni', 'Fabbian', '14-01-2003', 'Attaccante'),
('Bologna', 30, 'Benja', 'Domínguez', '19-09-2003', 'Attaccante'),
('Bologna', 11, 'Jonathan', 'Rowe', '30-04-2003', 'Attaccante'),
('Bologna', 28, 'Nicolò', 'Cambiaghi', '28-12-2000', 'Attaccante'),
('Bologna', 7, 'Riccardo', 'Orsolini', '24-01-1997', 'Attaccante'),
('Bologna', 10, 'Federico', 'Bernardeschi', '16-02-1994', 'Attaccante'),
('Bologna', 9, 'Santiago', 'Castro', '18-09-2004', 'Attaccante'),
('Bologna', 24, 'Thijs', 'Dallinga', '03-08-2000', 'Attaccante'),
('Bologna', 17, 'Ciro', 'Immobile', '20-02-1990', 'Attaccante'),
('Cagliari', 1, 'Elia', 'Caprile', '25-08-2001', 'Portiere'),
('Cagliari', 24, 'Giuseppe', 'Ciocci', '24-01-2002', 'Portiere'),
('Cagliari', 6, 'Sebastiano', 'Luperto', '06-09-1996', 'Difensore'),
('Cagliari', 32, 'Zé', 'Pedro', '06-06-1997', 'Difensore'),
('Cagliari', 26, 'Yerry', 'Mina', '23-09-1994', 'Difensore'),
('Cagliari', 33, 'Adam', 'Obert', '23-08-2002', 'Difensore'),
('Cagliari', 15, 'Juan', 'Rodríguez', '30-05-2005', 'Difensore'),
('Cagliari', 23, 'Nicola', 'Pintus', '25-05-2005', 'Difensore'),
('Cagliari', 3, 'Riyad', 'Idrissi', '13-06-2005', 'Difensore'),
('Cagliari', 28, 'Gabriele', 'Zappa', '22-12-1999', 'Difensore'),
('Cagliari', 2, 'Marco', 'Palestra', '03-03-2005', 'Difensore'),
('Cagliari', 18, 'Alessandro', 'Di Pardo', '18-07-1999', 'Difensore'),
('Cagliari', 16, 'Matteo', 'Prati', '28-12-2003', 'Centrocampista'),
('Cagliari', 90, 'Michael', 'Folorunsho', '07-02-1998', 'Centrocampista'),
('Cagliari', 8, 'Michel', 'Adopo', '19-07-2000', 'Centrocampista'),
('Cagliari', 14, 'Alessandro', 'Deiola', '01-08-1995', 'Centrocampista'),
('Cagliari', 4, 'Luca', 'Mazzitelli', '15-11-1995', 'Centrocampista'),
('Cagliari', 20, 'Marko', 'Rog', '19-07-1995', 'Centrocampista'),
('Cagliari', 10, 'Gianluca', 'Gaetano', '05-05-2000', 'Centrocampista'),
('Cagliari', 21, 'Nicolò', 'Cavuoti', '04-04-2003', 'Attaccante'),
('Cagliari', 17, 'Mattia', 'Felici', '17-04-2001', 'Attaccante'),
('Cagliari', 94, 'Sebastiano', 'Esposito', '02-07-2002', 'Attaccante'),
('Cagliari', 9, 'Semih', 'Kılıçsoy', '15-08-2005', 'Attaccante'),
('Cagliari', 77, 'Zito', 'Luvumbo', '09-03-2002', 'Attaccante'),
('Cagliari', 29, 'Gennaro', 'Borrelli', '10-03-2000', 'Attaccante'),
('Cagliari', 19, 'Andrea', 'Belotti', '20-12-1993', 'Attaccante'),
('Cagliari', 30, 'Leonardo', 'Pavoletti', '26-11-1988', 'Attaccante'),
('Como', 1, 'Jean', 'Butez', '08-06-1995', 'Portiere'),
('Como', 44, 'Nikola', 'Cavlina', '02-06-2002', 'Portiere'),
('Como', 12, 'Henrique', 'Menke', '12-01-2007', 'Portiere'),
('Como', 22, 'Mauro', 'Vigorito', '22-05-1990', 'Portiere'),
('Como', 34, 'Diego Carlos', 'Santos Silva', '15-03-1993', 'Difensore'),
('Como', 4, 'Alberto', 'Dossena', '13-10-1998', 'Difensore'),
('Como', 27, 'Stefan', 'Posch', '14-05-1997', 'Difensore'),
('Como', 14, 'Jacobo', 'Ramón', '06-01-2005', 'Difensore'),
('Como', 2, 'Marc Oliver', 'Kempf', '28-01-1995', 'Difensore'),
('Como', 5, 'Edoardo', 'Goldaniga', '02-11-1993', 'Difensore'),
('Como', 3, 'Álex', 'Valle', '25-04-2004', 'Difensore'),
('Como', 18, 'Alberto Moreno', 'Pérez', '05-07-1992', 'Difensore'),
('Como', 77, 'Ignace', 'Van der Brempt', '01-04-2002', 'Difensore'),
('Como', 31, 'Mërgim', 'Vojvoda', '01-02-1995', 'Difensore'),
('Como', 28, 'Ivan', 'Smolcic', '17-08-2000', 'Difensore'),
('Como', 23, 'Máximo', 'Perrone', '07-01-2003', 'Centrocampista'),
('Como', 6, 'Maxence', 'Caqueret', '15-02-2000', 'Centrocampista'),
('Como', 33, 'Lucas', 'Da Cunha', '09-06-2001', 'Centrocampista'),
('Como', 8, 'Sergi Roberto', 'Carnicer', '07-02-1992', 'Centrocampista'),
('Como', 10, 'Nico', 'Paz', '08-09-2004', 'Attaccante'),
('Como', 20, 'Marco', 'Baturina', '16-02-2003', 'Attaccante'),
('Como', 17, 'Jesús', 'Rodríguez', '21-11-2005', 'Attaccante'),
('Como', 38, 'Assane', 'Diao', '07-09-2005', 'Attaccante'),
('Como', 19, 'Nicolas', 'Kühn', '01-01-2000', 'Attaccante'),
('Como', 42, 'Jayden', 'Addai', '26-08-2005', 'Attaccante'),
('Como', 7, 'Álvaro', 'Morata', '23-10-1992', 'Attaccante'),
('Como', 11, 'Anastasios', 'Douvikas', '02-08-1999', 'Attaccante'),
('Como', 99, 'Alberto', 'Cerri', '16-04-1996', 'Attaccante'),
('Cremonese', 1, 'Emil', 'Audero', '18-01-1997', 'Portiere'),
('Cremonese', 16, 'Marco', 'Silvestri', '02-03-1991', 'Portiere'),
('Cremonese', 69, 'Lapo', 'Nava', '22-01-2004', 'Portiere'),
('Cremonese', 30, 'Mikayil', 'Faye', '14-07-2004', 'Difensore'),
('Cremonese', 6, 'Federico', 'Baschirotto', '20-09-1996', 'Difensore'),
('Cremonese', 15, 'Matteo', 'Bianchetti', '17-03-1993', 'Difensore'),
('Cremonese', 55, 'Francesco', 'Folino', '23-01-2002', 'Difensore'),
('Cremonese', 23, 'Federico', 'Ceccherini', '11-05-1992', 'Difensore'),
('Cremonese', 3, 'Giuseppe', 'Pezzella', '29-11-1997', 'Difensore'),
('Cremonese', 24, 'Filippo', 'Terracciano', '08-02-2003', 'Difensore'),
('Cremonese', 4, 'Tommaso', 'Barbieri', '26-08-2002', 'Difensore'),
('Cremonese', 22, 'Romano', 'Floriani Mussolini', '27-01-2003', 'Difensore'),
('Cremonese', 33, 'Alberto', 'Grassi', '07-03-1995', 'Centrocampista'),
('Cremonese', 38, 'Warren', 'Bondo', '15-09-2003', 'Centrocampista'),
('Cremonese', 32, 'Martín', 'Payero', '11-09-1998', 'Centrocampista'),
('Cremonese', 27, 'Jari', 'Vandeputte', '14-02-1996', 'Centrocampista'),
('Cremonese', 18, 'Michele', 'Collocolo', '08-11-1999', 'Centrocampista'),
('Cremonese', 8, 'Mattia', 'Valoti', '06-09-1993', 'Centrocampista'),
('Cremonese', 48, 'Dachi', 'Lordkipanidze', '08-03-2005', 'Centrocampista'),
('Cremonese', 7, 'Alessio', 'Zerbin', '03-03-1999', 'Centrocampista'),
('Cremonese', 20, 'Franco', 'Vázquez', '22-02-1989', 'Attaccante'),
('Cremonese', 19, 'Jeremy', 'Sarmiento', '16-06-2002', 'Attaccante'),
('Cremonese', 11, 'Dennis', 'Johnsen', '17-02-1998', 'Attaccante'),
('Cremonese', 14, 'Faris', 'Moumbagna', '01-07-2000', 'Attaccante'),
('Cremonese', 99, 'Antonio', 'Sanabria', '04-03-1996', 'Attaccante'),
('Cremonese', 77, 'David', 'Okereke', '29-08-1997', 'Attaccante'),
('Cremonese', 10, 'Jamie', 'Vardy', '11-01-1987', 'Attaccante'),
('Cremonese', 90, 'Federico', 'Bonazzoli', '21-05-1997', 'Attaccante'),
('Fiorentina', 43, 'David', 'De Gea', '07-11-1990', 'Portiere'),
('Fiorentina', 1, 'Luca', 'Lezzerini', '24-03-1995', 'Portiere'),
('Fiorentina', 15, 'Pietro', 'Comuzzo', '20-02-2005', 'Difensore'),
('Fiorentina', 6, 'Luca', 'Ranieri', '23-04-1999', 'Difensore'),
('Fiorentina', 5, 'Marin', 'Pongracic', '11-09-1997', 'Difensore'),
('Fiorentina', 26, 'Mattia', 'Vitti', '24-01-2002', 'Difensore'),
('Fiorentina', 18, 'Pablo', 'Marí', '31-08-1993', 'Difensore'),
('Fiorentina', 23, 'Eman', 'Kospo', '17-05-2007', 'Difensore'),
('Fiorentina', 60, 'Eddy', 'Kouadio', '07-05-2006', 'Difensore'),
('Fiorentina', 29, 'Niccolò', 'Fortini', '13-02-2006', 'Difensore'),
('Fiorentina', 21, 'Robin', 'Gosens', '05-07-1994', 'Difensore'),
('Fiorentina', 65, 'Fabiano', 'Parisi', '09-11-2000', 'Difensore'),
('Fiorentina', 2, 'Dodô', 'dos Santos', '17-11-1998', 'Difensore'),
('Fiorentina', 48, 'Tariq', 'Lamptey', '30-09-2000', 'Difensore'),
('Fiorentina', 8, 'Rolando', 'Mandragora', '29-06-1997', 'Centrocampista'),
('Fiorentina', 44, 'Nicolò', 'Fagioli', '12-02-2001', 'Centrocampista'),
('Fiorentina', 7, 'Simon', 'Sohm', '11-04-2001', 'Centrocampista'),
('Fiorentina', 22, 'Jacopo', 'Fazzini', '16-03-2003', 'Centrocampista'),
('Fiorentina', 14, 'Hans', 'Nicolussi Caviglia', '18-06-2000', 'Centrocampista'),
('Fiorentina', 24, 'Amir', 'Richardson', '24-01-2002', 'Centrocampista'),
('Fiorentina', 27, 'Cher', 'Ndour', '27-07-2004', 'Centrocampista'),
('Fiorentina', 11, 'Abdelhamid', 'Sabiri', '28-11-1996', 'Centrocampista'),
('Fiorentina', 10, 'Albert', 'Gudmundsson', '15-06-1997', 'Attaccante'),
('Fiorentina', 20, 'Moise', 'Kean', '28-02-2000', 'Attaccante'),
('Fiorentina', 91, 'Roberto', 'Piccoli', '27-01-2001', 'Attaccante'),
('Fiorentina', 99, 'Christian', 'Kouamé', '06-12-1997', 'Attaccante'),
('Fiorentina', 9, 'Edin', 'Dzeko', '17-03-1986', 'Attaccante'),
('Fiorentina', 61, 'Riccardo', 'Braschi', '24-08-2006', 'Attaccante'),
('Atalanta', 44, 'Ben', 'Godfrey', '15-01-1998', 'Difensore'),
('Cagliari', 12, 'Alen', 'Sherri', '15-12-1997', 'Portiere'),
('Cagliari', 27, 'Joseph', 'Liteto', '22-02-2006', 'Difensore'),
('Como', 21, 'Noel', 'Törnqvist', '01-02-2002', 'Portiere'),
('Fiorentina', 19, 'Manor', 'Solomon', '24-07-1997', 'Attaccante'),
('Genoa', 1, 'Nicola', 'Leali', '17-02-1993', 'Portiere'),
('Genoa', 31, 'Benjamin', 'Siegrist', '31-01-1992', 'Portiere'),
('Genoa', 35, 'Ernestas', 'Lysionok', '09-03-2007', 'Portiere'),
('Genoa', 39, 'Daniele', 'Sommariva', '18-07-1997', 'Portiere'),
('Genoa', 22, 'Johan', 'Vásquez', '22-10-1998', 'Difensore'),
('Genoa', 5, 'Leo', 'Østigård', '28-11-1999', 'Difensore'),
('Genoa', 27, 'Alessandro', 'Marcandalli', '25-10-2002', 'Difensore'),
('Genoa', 34, 'Sebastian', 'Otoa', '13-05-2004', 'Difensore'),
('Genoa', 3, 'Aarón', 'Martín', '22-04-1997', 'Difensore'),
('Genoa', 15, 'Brooke', 'Norton-Cuffy', '12-01-2004', 'Difensore'),
('Genoa', 20, 'Stefano', 'Sabelli', '13-01-1993', 'Difensore'),
('Genoa', 14, 'Jean', 'Onana', '08-01-2000', 'Centrocampista'),
('Genoa', 32, 'Morten', 'Frendrup', '07-04-2001', 'Centrocampista'),
('Genoa', 73, 'Patrizio', 'Masini', '27-01-2001', 'Centrocampista'),
('Genoa', 77, 'Mikael Egill', 'Ellertsson', '11-03-2002', 'Centrocampista'),
('Genoa', 2, 'Morten', 'Thorsby', '05-05-1996', 'Centrocampista'),
('Genoa', 11, 'Albert', 'Grønbæk', '23-05-2001', 'Centrocampista'),
('Genoa', 17, 'Ruslan', 'Malinovskyi', '04-05-1993', 'Centrocampista'),
('Genoa', 8, 'Nicolae', 'Stanciu', '07-05-1993', 'Centrocampista'),
('Genoa', 30, 'Huco', 'Cuenca', '08-01-2005', 'Centrocampista'),
('Genoa', 70, 'Maxwel', 'Cornet', '27-09-1996', 'Attaccante'),
('Genoa', 40, 'Seydou', 'Fini', '02-06-2006', 'Attaccante'),
('Genoa', 76, 'Lorenzo', 'Venturino', '22-06-2006', 'Attaccante'),
('Genoa', 10, 'Junior', 'Messias', '13-05-1991', 'Attaccante'),
('Genoa', 9, '', 'Vitinha', '15-03-2000', 'Attaccante'),
('Genoa', 21, 'Jeff', 'Ekhator', '11-11-2006', 'Attaccante'),
('Genoa', 29, 'Lorenzo', 'Colombo', '08-03-2002', 'Attaccante'),
('Genoa', 18, 'Caleb', 'Ekuban', '23-03-1994', 'Attaccante'),
('Hellas Verona', 1, 'Lorenzo', 'Montipò', '20-02-1996', 'Portiere'),
('Hellas Verona', 34, 'Simone', 'Perilli', '07-01-1995', 'Portiere'),
('Hellas Verona', 94, 'Giacomo', 'Tognolo', '01-04-2004', 'Portiere'),
('Hellas Verona', 99, 'Mattia', 'Chiesa', '16-07-2000', 'Portiere'),
('Hellas Verona', 15, 'Victor', 'Nelsson', '14-10-1998', 'Difensore'),
('Hellas Verona', 37, 'Armel', 'Bella-Kotchap', '11-12-2001', 'Difensore'),
('Hellas Verona', 6, 'Nicolás', 'Valentini', '06-04-2001', 'Difensore'),
('Hellas Verona', 5, 'Unai', 'Núñez', '30-01-1997', 'Difensore'),
('Hellas Verona', 19, 'Tobias', 'Slotsager', '01-01-2006', 'Difensore'),
('Hellas Verona', 23, 'Enzo', 'Ebosse', '11-03-1999', 'Difensore'),
('Hellas Verona', 3, 'Martin', 'Frese', '04-01-1998', 'Difensore'),
('Hellas Verona', 12, 'Domagoj', 'Bradaric', '10-12-1999', 'Difensore'),
('Hellas Verona', 7, 'Rafik', 'Belghali', '07-06-2002', 'Difensore'),
('Hellas Verona', 70, 'Fallou', 'Cham', '14-02-2006', 'Difensore'),
('Hellas Verona', 2, 'Daniel', 'Oyegoke', '03-01-2003', 'Difensore'),
('Hellas Verona', 73, 'Moatasem', 'Al-Musrati', '06-04-1996', 'Centrocampista'),
('Hellas Verona', 36, 'Cheikh', 'Niasse', '19-01-2000', 'Centrocampista'),
('Hellas Verona', 8, 'Suat', 'Serdar', '11-04-1997', 'Centrocampista'),
('Hellas Verona', 24, 'Antoine', 'Bernede', '26-05-1999', 'Centrocampista'),
('Hellas Verona', 21, 'Abdou', 'Harroui', '13-01-1998', 'Centrocampista'),
('Hellas Verona', 63, 'Roberto', 'Gagliardini', '07-04-1994', 'Centrocampista'),
('Hellas Verona', 11, 'Jean-Daniel', 'Akpa Akpro', '11-10-1992', 'Centrocampista'),
('Hellas Verona', 10, 'Tomas', 'Suslov', '07-06-2002', 'Centrocampista'),
('Hellas Verona', 20, 'Grigoris', 'Kastanos', '30-01-1998', 'Centrocampista'),
('Hellas Verona', 17, 'Giovane', '', '24-11-2003', 'Attaccante'),
('Hellas Verona', 16, 'Gift', 'Orban', '17-07-2002', 'Attaccante'),
('Hellas Verona', 9, 'Amin', 'Sarr', '11-03-2001', 'Attaccante'),
('Hellas Verona', 25, 'Daniel', 'Mosquera', '20-10-1999', 'Attaccante'),
('Hellas Verona', 30, 'Isaac', '', '26-03-2004', 'Attaccante'),
('Hellas Verona', 72, 'Junior', 'Ajayi', '11-10-2004', 'Attaccante'),
('Inter', 13, 'Josep', 'Martinez', '27-05-1998', 'Portiere'),
('Inter', 1, 'Yann', 'Sommer', '17-12-1988', 'Portiere'),
('Inter', 12, 'Raffaele', 'Di Gennaro', '03-10-1993', 'Portiere'),
('Inter', 95, 'Alessandro', 'Bastoni', '13-04-1999', 'Difensore'),
('Inter', 31, 'Yann', 'Bisseck', '29-11-2000', 'Difensore'),
('Inter', 25, 'Manuel', 'Akanji', '19-07-1995', 'Difensore'),
('Inter', 6, 'Stefan', 'De Vrij', '05-02-1992', 'Difensore'),
('Inter', 42, 'Tomás', 'Palacios', '28-04-2003', 'Difensore'),
('Inter', 15, 'Francesco', 'Acerbi', '10-02-1988', 'Difensore'),
('Inter', 32, 'Federico', 'Di Marco', '10-11-1997', 'Difensore'),
('Inter', 30, 'Carlos Augusto', '', '07-01-1999', 'Difensore'),
('Inter', 2, 'Denzel', 'Dumfries', '18-04-1996', 'Difensore'),
('Inter', 36, 'Matteo', 'Darmian', '02-12-1989', 'Difensore'),
('Inter', 20, 'Hakan', 'Çalhanoglu', '08-02-1994', 'Centrocampista'),
('Inter', 23, 'Nicolò', 'Barella', '07-02-1997', 'Centrocampista'),
('Inter', 8, 'Petar', 'Sucic', '25-10-2003', 'Centrocampista'),
('Inter', 16, 'Davide', 'Frattesi', '22-09-1999', 'Centrocampista'),
('Inter', 17, 'Andy', 'Diouf', '17-05-2003', 'Centrocampista'),
('Inter', 7, 'Piotr', 'Zielinski', '20-05-1994', 'Centrocampista'),
('Inter', 22, 'Henrikh', 'Mkhitaryan', '21-01-1989', 'Centrocampista'),
('Inter', 11, 'Luis Henrique', '', '14-12-2001', 'Centrocampista'),
('Inter', 45, 'Valentín', 'Carboni', '05-03-2005', 'Centrocampista'),
('Inter', 10, 'Lautaro', 'Martínez', '22-08-1997', 'Attaccante'),
('Inter', 9, 'Marcus', 'Thuram', '06-08-1997', 'Attaccante'),
('Inter', 14, 'Ange-Yoan', 'Bonny', '25-10-2003', 'Attaccante'),
('Inter', 94, 'Pio', 'Esposito', '28-06-2005', 'Attaccante'),
('Juventus', 16, 'Michele', 'Di Gregorio', '27-07-1997', 'Portiere'),
('Juventus', 1, 'Mattia', 'Perin', '10-11-1992', 'Portiere'),
('Juventus', 23, 'Carlo', 'Pinsoglio', '16-03-1990', 'Portiere'),
('Juventus', 3, 'Gleison', 'Bremer', '18-03-1997', 'Difensore'),
('Juventus', 15, 'Pierre', 'Kalulu', '05-06-2000', 'Difensore'),
('Juventus', 4, 'Federico', 'Gatti', '24-06-1998', 'Difensore'),
('Juventus', 6, 'Lloyd', 'Kelly', '06-10-1998', 'Difensore'),
('Juventus', 24, 'Daniele', 'Rugani', '29-07-1994', 'Difensore'),
('Juventus', 32, 'Juan', 'Cabal', '08-01-2001', 'Difensore'),
('Juventus', 40, 'Jonas', 'Rouhi', '07-01-2004', 'Difensore'),
('Juventus', 5, 'Manuel', 'Locatelli', '08-01-1998', 'Centrocampista'),
('Juventus', 19, 'Khéphren', 'Thuram', '26-03-2001', 'Centrocampista'),
('Juventus', 22, 'Weston', 'McKennie', '28-08-1998', 'Centrocampista'),
('Juventus', 21, 'Fabio', 'Miretti', '03-08-2003', 'Centrocampista'),
('Juventus', 25, 'João Mário', '', '03-01-2000', 'Centrocampista'),
('Juventus', 27, 'Andrea', 'Cambiaso', '20-02-2000', 'Centrocampista'),
('Juventus', 18, 'Filip', 'Kostic', '01-11-1992', 'Centrocampista'),
('Juventus', 8, 'Teun', 'Koopmeiners', '28-02-1998', 'Centrocampista'),
('Juventus', 17, 'Vasilije', 'Adzic', '12-05-2006', 'Centrocampista'),
('Juventus', 10, 'Kenan', 'Yıldız', '04-05-2005', 'Attaccante'),
('Juventus', 7, 'Francisco', 'Conceição', '14-12-2002', 'Attaccante'),
('Juventus', 11, 'Edon', 'Zhegrova', '31-03-1999', 'Attaccante'),
('Juventus', 20, 'Loïs', 'Openda', '16-02-2000', 'Attaccante'),
('Juventus', 9, 'Dusan', 'Vlahovic', '28-01-2000', 'Attaccante'),
('Juventus', 30, 'Jonathan', 'David', '14-01-2000', 'Attaccante'),
('Juventus', 14, 'Arkadiusz', 'Milik', '28-02-1994', 'Attaccante'),
('Lazio', 35, 'Christos', 'Mandas', '17-09-2001', 'Portiere'),
('Lazio', 94, 'Ivan', 'Provedel', '17-03-1994', 'Portiere'),
('Lazio', 55, 'Alessio', 'Furlanetto', '07-02-2002', 'Portiere'),
('Lazio', 34, 'Mario', 'Gila', '29-08-2000', 'Difensore'),
('Lazio', 13, 'Alessio', 'Romagnoli', '12-01-1995', 'Difensore'),
('Lazio', 25, 'Oliver', 'Provstgaard', '04-06-2003', 'Difensore'),
('Lazio', 2, 'Samuel', 'Gigot', '12-10-1993', 'Difensore'),
('Lazio', 4, 'Patric', '', '17-04-1993', 'Difensore'),
('Lazio', 17, 'Nuno', 'Tavares', '26-01-2000', 'Difensore'),
('Lazio', 3, 'Luca', 'Pellegrini', '07-03-1999', 'Difensore'),
('Lazio', 16, 'Dimitrije', 'Kamenovic', '16-07-2000', 'Difensore'),
('Lazio', 77, 'Adam', 'Marusic', '17-10-1992', 'Difensore'),
('Lazio', 29, 'Manuel', 'Lazzari', '29-11-1993', 'Difensore'),
('Lazio', 23, 'Elseid', 'Hysaj', '02-02-1994', 'Difensore'),
('Lazio', 6, 'Nicolò', 'Rovella', '04-12-2001', 'Centrocampista'),
('Lazio', 21, 'Reda', 'Belahyane', '01-06-2004', 'Centrocampista'),
('Lazio', 32, 'Danilo', 'Cataldi', '06-08-1994', 'Centrocampista'),
('Lazio', 24, 'Kenneth', 'Taylor', '16-05-2002', 'Centrocampista'),
('Lazio', 26, 'Toma', 'Basic', '25-11-1996', 'Centrocampista'),
('Lazio', 5, 'Matías', 'Vecino', '24-08-1991', 'Centrocampista'),
('Lazio', 7, 'Fisayo', 'Dele-Bashiru', '06-02-2001', 'Centrocampista'),
('Lazio', 10, 'Mattia', 'Zaccagni', '16-06-1995', 'Attaccante'),
('Lazio', 18, 'Gustav', 'Isaksen', '19-04-2001', 'Attaccante'),
('Lazio', 14, 'Tijjani', 'Noslin', '07-07-1999', 'Attaccante'),
('Lazio', 22, 'Matteo', 'Cancellieri', '12-02-2002', 'Attaccante'),
('Lazio', 9, 'Pedro', '', '28-07-1987', 'Attaccante'),
('Lazio', 19, 'Boulaye', 'Dia', '16-11-1996', 'Attaccante'),
('Lazio', 20, 'Petar', 'Ratkov', '18-08-2003', 'Attaccante'),
('Lecce', 30, 'Wladimiro', 'Falcone', '12-04-1994', 'Portiere'),
('Lecce', 1, 'Christian', 'Früchtl', '28-01-2000', 'Portiere'),
('Lecce', 32, 'Jasper', 'Samooja', '21-07-2003', 'Portiere'),
('Lecce', 44, 'Tiago Gabriel', '', '26-12-2004', 'Difensore'),
('Lecce', 5, 'Jamil', 'Siebert', '02-04-2002', 'Difensore'),
('Lecce', 4, 'Gaspar', '', '27-09-1999', 'Difensore'),
('Lecce', 18, 'Gaby', 'Jean', '19-02-2000', 'Difensore'),
('Lecce', 13, 'Matías', 'Pérez', '13-04-2005', 'Difensore'),
('Lecce', 25, 'Antonino', 'Gallo', '05-01-2000', 'Difensore'),
('Lecce', 3, 'Corrie', 'Ndaba', '25-12-1999', 'Difensore'),
('Lecce', 17, 'Danilo', 'Veiga', '25-09-2002', 'Difensore'),
('Lecce', 21, 'Christ-Owen', 'Kouassi', '15-04-2003', 'Difensore'),
('Lecce', 12, 'Frédéric', 'Guilbert', '24-12-1994', 'Difensore'),
('Lecce', 20, 'Ylber', 'Ramadani', '12-04-1996', 'Centrocampista'),
('Lecce', 75, 'Balthazar', 'Pierret', '15-05-2000', 'Centrocampista'),
('Lecce', 8, 'Sadik', 'Fofana', '16-05-2003', 'Centrocampista'),
('Lecce', 79, 'Oumar', 'Ngon', '09-03-2004', 'Centrocampista'),
('Lecce', 10, 'Medon', 'Berisha', '21-10-2003', 'Centrocampista'),
('Lecce', 29, 'Lassana', 'Coulibaly', '10-04-1996', 'Centrocampista'),
('Lecce', 14, 'Thórir Jóhann', 'Helgason', '28-09-2000', 'Centrocampista'),
('Lecce', 6, 'Álex', 'Sala', '09-04-2001', 'Centrocampista'),
('Lecce', 77, 'Mohamed', 'Kaba', '27-10-2001', 'Centrocampista'),
('Lecce', 80, 'Niko', 'Kovac', '08-04-2005', 'Centrocampista'),
('Lecce', 16, 'Omri', 'Gandelman', '16-05-2000', 'Centrocampista'),
('Lecce', 36, 'Filip', 'Marchwinski', '10-01-2002', 'Centrocampista'),
('Lecce', 23, 'Riccardo', 'Sottil', '03-06-1999', 'Attaccante'),
('Lecce', 19, 'Lameck', 'Banda', '29-01-2001', 'Attaccante'),
('Lecce', 7, 'Tete Morente', '', '04-12-1996', 'Attaccante'),
('Lecce', 50, 'Santiago', 'Perotti', '03-04-2001', 'Attaccante'),
('Lecce', 11, 'Konan', 'N''Dri', '27-10-2000', 'Attaccante'),
('Lecce', 22, 'Francesco', 'Camarda', '10-03-2008', 'Attaccante'),
('Lecce', 9, 'Nikola', 'Stulic', '08-09-2001', 'Attaccante'),
('Milan', 16, 'Mike', 'Maignan', '03-07-1995', 'Portiere'),
('Milan', 1, 'Pietro', 'Terracciano', '08-03-1990', 'Portiere'),
('Milan', 96, 'Lorenzo', 'Torriani', '31-01-2005', 'Portiere'),
('Milan', 31, 'Strahinja', 'Pavlovic', '24-05-2001', 'Difensore'),
('Milan', 5, 'Komi', 'De Winter', '12-06-2002', 'Difensore'),
('Milan', 23, 'Fikayo', 'Tomori', '19-12-1997', 'Difensore'),
('Milan', 46, 'Matteo', 'Gabbia', '21-10-1999', 'Difensore'),
('Milan', 27, 'David', 'Odogu', '03-06-2006', 'Difensore'),
('Milan', 33, 'Davide', 'Bartesaghi', '29-12-2005', 'Difensore'),
('Milan', 2, 'Pervis', 'Estupiñán', '21-01-1998', 'Difensore'),
('Milan', 24, 'Zachary', 'Athekame', '13-12-2004', 'Difensore'),
('Milan', 30, 'Ardon', 'Jashari', '30-07-2002', 'Centrocampista'),
('Milan', 19, 'Youssouf', 'Fofana', '10-01-1999', 'Centrocampista'),
('Milan', 4, 'Samuele', 'Ricci', '21-08-2001', 'Centrocampista'),
('Milan', 12, 'Adrien', 'Rabiot', '03-04-1995', 'Centrocampista'),
('Milan', 8, 'Ruben', 'Loftus-Cheek', '23-01-1996', 'Centrocampista'),
('Milan', 14, 'Luka', 'Modric', '09-09-1985', 'Centrocampista'),
('Milan', 56, 'Alexis', 'Saelemaekers', '27-06-1999', 'Centrocampista'),
('Milan', 10, 'Rafael', 'Leão', '10-06-1999', 'Attaccante'),
('Milan', 11, 'Christian', 'Pulisic', '18-09-1999', 'Attaccante'),
('Milan', 18, 'Christopher', 'Nkunku', '14-11-1997', 'Attaccante'),
('Milan', 7, 'Santiago', 'Gimenez', '18-04-2001', 'Attaccante'),
('Milan', 9, 'Niclas', 'Füllkrug', '09-02-1993', 'Attaccante'),
('Napoli', 32, 'Vanja', 'Milinkovic-Savic', '20-02-1997', 'Portiere'),
('Napoli', 1, 'Alex', 'Meret', '22-03-1997', 'Portiere'),
('Napoli', 14, 'Nikita', 'Contini', '21-05-1996', 'Portiere'),
('Napoli', 25, 'Mathias', 'Ferrante', '01-09-2006', 'Portiere'),
('Napoli', 4, 'Alessandro', 'Buongiorno', '06-06-1999', 'Difensore'),
('Napoli', 31, 'Sam', 'Beukema', '17-11-1999', 'Difensore'),
('Napoli', 13, 'Amir', 'Rahmani', '24-02-1994', 'Difensore'),
('Napoli', 35, 'Luca', 'Marianucci', '23-07-2004', 'Difensore'),
('Napoli', 5, 'Juan Jesus', '', '10-06-1991', 'Difensore'),
('Napoli', 17, 'Mathías', 'Olivera', '31-10-1997', 'Difensore'),
('Napoli', 3, 'Miguel', 'Gutiérrez', '27-07-2001', 'Difensore'),
('Napoli', 37, 'Leonardo', 'Spinazzola', '25-03-1993', 'Difensore'),
('Napoli', 22, 'Giovanni', 'Di Lorenzo', '04-08-1993', 'Difensore'),
('Napoli', 30, 'Pasquale', 'Mazzocchi', '27-07-1995', 'Difensore'),
('Napoli', 6, 'Billy', 'Gilmour', '11-06-2001', 'Centrocampista'),
('Napoli', 68, 'Stanislav', 'Lobotka', '25-11-1994', 'Centrocampista'),
('Napoli', 8, 'Scott', 'McTominay', '08-12-1996', 'Centrocampista'),
('Napoli', 99, 'Frank', 'Anguissa', '16-11-1995', 'Centrocampista'),
('Napoli', 11, 'Kevin', 'De Bruyne', '28-06-1991', 'Centrocampista'),
('Napoli', 20, 'Eljif', 'Elmas', '24-09-1999', 'Centrocampista'),
('Napoli', 26, 'Antonio', 'Vergara', '16-01-2003', 'Centrocampista'),
('Napoli', 70, 'Noa', 'Lang', '17-06-1999', 'Attaccante'),
('Napoli', 7, 'David', 'Neres', '03-03-1997', 'Attaccante'),
('Napoli', 21, 'Matteo', 'Politano', '03-08-1993', 'Attaccante'),
('Napoli', 19, 'Rasmus', 'Højlund', '04-02-2003', 'Attaccante'),
('Napoli', 27, 'Lorenzo', 'Lucca', '10-09-2000', 'Attaccante'),
('Napoli', 9, 'Romelu', 'Lukaku', '13-05-1993', 'Attaccante'),
('Napoli', 69, 'Giuseppe', 'Ambrosino', '10-09-2003', 'Attaccante'),
('Parma', 31, 'Zion', 'Suzuki', '21-08-2002', 'Portiere'),
('Parma', 40, 'Edoardo', 'Corvi', '23-03-2001', 'Portiere'),
('Parma', 13, 'Vicente', 'Guaita', '10-01-1987', 'Portiere'),
('Parma', 66, 'Filippo', 'Rinaldi', '04-12-2002', 'Portiere'),
('Parma', 64, 'Gianluca', 'Astaldi', '10-04-2006', 'Portiere'),
('Parma', 39, 'Alessandro', 'Circati', '10-10-2003', 'Difensore'),
('Parma', 3, 'Abdoulaye', 'Ndiaye', '10-04-2002', 'Difensore'),
('Parma', 37, 'Mariano', 'Troilo', '28-06-2003', 'Difensore'),
('Parma', 5, 'Lautaro', 'Valenti', '14-01-1999', 'Difensore'),
('Parma', 63, 'Nicolas', 'Trabucchi', '17-08-2007', 'Difensore'),
('Parma', 18, 'Mathias', 'Løvik', '06-12-2003', 'Difensore'),
('Parma', 14, 'Emanuele', 'Valeri', '07-12-1998', 'Difensore'),
('Parma', 27, 'Sascha', 'Britschgi', '27-08-2006', 'Difensore'),
('Parma', 15, 'Enrico', 'Delprato', '10-11-1999', 'Difensore'),
('Parma', 16, 'Mandela', 'Keita', '10-05-2002', 'Centrocampista'),
('Parma', 8, 'Nahuel', 'Estévez', '14-11-1995', 'Centrocampista'),
('Parma', 10, 'Adrián', 'Bernabé', '26-05-2001', 'Centrocampista'),
('Parma', 22, 'Oliver', 'Sørensen', '10-03-2002', 'Centrocampista'),
('Parma', 24, 'Christian', 'Ordóñez', '24-07-2004', 'Centrocampista'),
('Parma', 25, 'Benja', 'Cremaschi', '02-03-2005', 'Centrocampista'),
('Parma', 24, 'Gaetano', 'Oristanio', '28-09-2002', 'Centrocampista'),
('Parma', 65, 'Elia', 'Picco', '01-02-2007', 'Centrocampista'),
('Parma', 17, 'Jakob', 'Ondrejka', '02-09-2002', 'Attaccante'),
('Parma', 7, 'Adrian', 'Benedyczak', '24-11-2000', 'Attaccante'),
('Parma', 11, 'Pontus', 'Almqvist', '10-07-1999', 'Attaccante'),
('Parma', 9, 'Mateo', 'Pellegrino', '22-10-2001', 'Attaccante'),
('Parma', 20, 'Matija', 'Frigan', '11-02-2003', 'Attaccante'),
('Parma', 32, 'Patrick', 'Cutrone', '03-01-1998', 'Attaccante'),
('Parma', 30, 'Milan', 'Djuric', '22-05-1990', 'Attaccante'),
('Roma', 99, 'Mile', 'Svilar', '27-08-1999', 'Portiere'),
('Roma', 32, 'Davis', 'Vásquez', '12-05-1998', 'Portiere'),
('Roma', 95, 'Pierluigi', 'Gollini', '18-03-1995', 'Portiere'),
('Roma', 91, 'Radoslaw', 'Zelezny', '06-09-2006', 'Portiere'),
('Roma', 5, 'Evan', 'Ndicka', '20-08-1999', 'Difensore'),
('Roma', 23, 'Gianluca', 'Mancini', '17-04-1996', 'Difensore'),
('Roma', 87, 'Daniele', 'Ghilardi', '06-01-2003', 'Difensore'),
('Roma', 24, 'Jan', 'Ziolkowski', '05-06-2005', 'Difensore'),
('Roma', 22, 'Mario', 'Hermoso', '18-06-1995', 'Difensore'),
('Roma', 3, 'Angeliño', '', '04-01-1997', 'Difensore'),
('Roma', 12, 'Komstantinos', 'Tsimikas', '12-05-1996', 'Difensore'),
('Roma', 43, 'Wesley', 'França', '06-09-2003', 'Difensore'),
('Roma', 19, 'Zeki', 'Çelik', '17-02-1997', 'Difensore'),
('Roma', 2, 'Devyne', 'Rensch', '18-01-2003', 'Difensore'),
('Roma', 66, 'Buba', 'Sangaré', '06-08-2007', 'Difensore'),
('Roma', 4, 'Bryan', 'Cristante', '03-03-1995', 'Centrocampista'),
('Roma', 17, 'Manu', 'Koné', '17-05-2001', 'Centrocampista'),
('Roma', 8, 'Neil', 'El Aynaoui', '02-07-2001', 'Centrocampista'),
('Roma', 61, 'Niccolò', 'Pisilli', '23-09-2004', 'Centrocampista'),
('Roma', 52, 'Edoardo', 'Bove', '16-05-2002', 'Centrocampista'),
('Roma', 35, 'Tommaso', 'Baldanzi', '23-03-2003', 'Centrocampista'),
('Roma', 7, 'Lorenzo', 'Pellegrini', '19-06-1992', 'Centrocampista'),
('Roma', 92, 'Stephan', 'El Shaarawy', '27-10-1992', 'Attaccante'),
('Roma', 18, 'Matías', 'Soulé', '15-04-2003', 'Attaccante'),
('Roma', 31, 'Leon', 'Bailey', '09-08-1997', 'Attaccante'),
('Roma', 21, 'Paulo', 'Dybala', '15-11-1993', 'Attaccante'),
('Roma', 11, 'Evan', 'Ferguson', '19-10-2004', 'Attaccante'),
('Roma', 9, 'Artem', 'Dovbyk', '21-06-1997', 'Attaccante'),
('Roma', 78, 'Robinio', 'Vaz', '17-02-2007', 'Attaccante');
GO

/* 8. Popolamento PARTITE (invariato) */
INSERT INTO Partite (Giornata, SqCasa, SqTrasf, GolCasa, GolTrasf) 
VALUES 
(1, 'Genoa', 'Lecce', 0, 0),
(1, 'Sassuolo', 'Napoli', 0, 2),
(1, 'Roma', 'Bologna', 1, 0), 
(1, 'Milan', 'Cremonese', 1, 2);
GO

/* 9. Popolamento GOL (invariato) */
INSERT INTO Gol (IdPartita, Minuto, Marcatore, Autogol) 
VALUES
(2, 17, 380, 0), 
(2, 57, 382, 0),
(3, 28, 114, 0),
(3, 45, 344, 0),
(3, 61, 137, 0),
(4, 53, 432, 0);
GO